{
    "general":{
        "av":0.05,
        "bnu":1.5,
        "lambda0":5000,
        "logkappa":-0.18412298380368747,
        "ndop":10,
        "res":65000,
        "vdop":10.0,
        "vmac":40.87063032068337,
        "vrad":[
            0.9167763310525123,
            1.1833388793994537,
            1.315241455757399
        ],
        "vsini":185
    }
}