{
    "general":{
        "av":0.05,
        "bnu":1.5,
        "lambda0":5000,
        "logkappa":-0.18623580102443804,
        "ndop":10,
        "res":65000,
        "vdop":10.0,
        "vmac":40.585414058154896,
        "vsini":185.2605073467578
    }
}