{
    "general":{
        "Bpole":1000,
        "av":0.05,
        "beta":30,
        "bnu":1.5,
        "incl":30.0,
        "lambda0":5000,
        "logkappa":-0.2,
        "ndop":10,
        "phase":90.0,
        "res":65000,
        "vdop":10.0,
        "vmac":30,
        "vsini":200.0
    },
    "grid":{
        "Bpole_grid":[
            0.0,
            208.33333333333334,
            416.6666666666667,
            625.0,
            833.3333333333334,
            1041.6666666666667,
            1250.0,
            1458.3333333333335,
            1666.6666666666667,
            1875.0,
            2083.3333333333335,
            2291.666666666667,
            2500.0,
            2708.3333333333335,
            2916.666666666667,
            3125.0,
            3333.3333333333335,
            3541.666666666667,
            3750.0,
            3958.3333333333335,
            4166.666666666667,
            4375.0,
            4583.333333333334,
            4791.666666666667,
            5000.0
        ],
        "beta_grid":[
            0.0,
            10.588235294117647,
            21.176470588235293,
            31.764705882352942,
            42.35294117647059,
            52.94117647058823,
            63.529411764705884,
            74.11764705882352,
            84.70588235294117,
            95.29411764705883,
            105.88235294117646,
            116.47058823529412,
            127.05882352941177,
            137.64705882352942,
            148.23529411764704,
            158.8235294117647,
            169.41176470588235,
            180.0
        ],
        "incl_grid":[
            0.0,
            10.588235294117647,
            21.176470588235293,
            31.764705882352942,
            42.35294117647059,
            52.94117647058823,
            63.529411764705884,
            74.11764705882352,
            84.70588235294117,
            95.29411764705883,
            105.88235294117646,
            116.47058823529412,
            127.05882352941177,
            137.64705882352942,
            148.23529411764704,
            158.8235294117647,
            169.41176470588235,
            180.0
        ],
        "phase_grid":[
            0.0,
            10.285714285714286,
            20.571428571428573,
            30.85714285714286,
            41.142857142857146,
            51.42857142857143,
            61.71428571428572,
            72.0,
            82.28571428571429,
            92.57142857142858,
            102.85714285714286,
            113.14285714285715,
            123.42857142857144,
            133.71428571428572,
            144.0,
            154.2857142857143,
            164.57142857142858,
            174.85714285714286,
            185.14285714285717,
            195.42857142857144,
            205.71428571428572,
            216.00000000000003,
            226.2857142857143,
            236.57142857142858,
            246.8571428571429,
            257.14285714285717,
            267.42857142857144,
            277.7142857142857,
            288.0,
            298.28571428571433,
            308.5714285714286,
            318.8571428571429,
            329.14285714285717,
            339.42857142857144,
            349.7142857142857,
            360.0
        ]
    },
    "weak":{
        "geff":1.0
    }
}